insert into `publisher` (`id`, `created`, `created_by`, `last_modified`, `last_modified_by`, `adress`, `name`, `phone`, `url`) values('1','2020-12-01 07:44:58','angga','2020-12-01 07:44:58','angga','Jl. Kebayoran Lama 1','Gramedia 1','+6221-3564-345-980','www.gramedia1.com');
insert into `publisher` (`id`, `created`, `created_by`, `last_modified`, `last_modified_by`, `adress`, `name`, `phone`, `url`) values('2','2020-12-01 07:45:23','malik','2020-12-01 07:45:23','malik','Jl. Kebayoran Baru','Surya Citra','+6221-3564-345-980','www.surya-citra.com');
insert into `publisher` (`id`, `created`, `created_by`, `last_modified`, `last_modified_by`, `adress`, `name`, `phone`, `url`) values('3','2020-12-01 07:45:46','rifki','2020-12-01 07:45:46','rifki','Jl. Kebayoran Baru 3','Publisher 3','+6221-3564-345-980','www.publisher3.com');
insert into `publisher` (`id`, `created`, `created_by`, `last_modified`, `last_modified_by`, `adress`, `name`, `phone`, `url`) values('4','2020-12-01 07:46:01','asep','2020-12-01 07:46:01','asep','Jl. Kebayoran Baru 4','Publisher 4','+6221-3564-345-980','www.publisher4.com');
insert into `publisher` (`id`, `created`, `created_by`, `last_modified`, `last_modified_by`, `adress`, `name`, `phone`, `url`) values('5','2020-12-01 07:46:16','rifki','2020-12-01 07:46:16','rifki','Jl. Kebayoran Baru 5','Publisher 5','+6221-3565-355-980','www.publisher5.com');
insert into `publisher` (`id`, `created`, `created_by`, `last_modified`, `last_modified_by`, `adress`, `name`, `phone`, `url`) values('6','2020-12-01 07:46:24','malik','2020-12-01 07:46:24','malik','Jl. Kebayoran Baru 6','Publisher 6','+6221-3666-366-980','www.publisher6.com');
insert into `publisher` (`id`, `created`, `created_by`, `last_modified`, `last_modified_by`, `adress`, `name`, `phone`, `url`) values('7','2020-12-01 07:46:35','malik','2020-12-01 07:46:35','malik','Jl. Kebayoran Baru 7','Publisher 7','+7221-3777-377-980','www.publisher7.com');
insert into `publisher` (`id`, `created`, `created_by`, `last_modified`, `last_modified_by`, `adress`, `name`, `phone`, `url`) values('8','2020-12-01 07:46:45','malik','2020-12-01 07:46:45','malik','Jl. Kebayoran Baru 8','Publisher 8','+8221-3888-388-980','www.publisher8.com');
insert into `publisher` (`id`, `created`, `created_by`, `last_modified`, `last_modified_by`, `adress`, `name`, `phone`, `url`) values('9','2020-12-01 07:46:54','Admin','2020-12-01 07:46:54','Admin','Jl. Kebayoran Baru 9','Publisher 9','+9221-3999-399-990','www.publisher9.com');
insert into `publisher` (`id`, `created`, `created_by`, `last_modified`, `last_modified_by`, `adress`, `name`, `phone`, `url`) values('11','2020-12-01 07:47:15','angga','2020-12-01 07:47:15','angga','Jl. Kebayoran Baru 10','Publisher 10','+10221-3101010-31010-10100','www.publisher10.com');

insert into `author` (`id`, `created`, `created_by`, `last_modified`, `last_modified_by`, `adress`, `name`, `url`) values('12','2020-12-01 08:00:34','rifki','2020-12-01 08:00:34','rifki','Jl. Kencana putih','J.K. Roling 1 ','www.jk-rolling1.com');
insert into `author` (`id`, `created`, `created_by`, `last_modified`, `last_modified_by`, `adress`, `name`, `url`) values('14','2020-12-01 08:01:50','yosep','2020-12-01 08:01:50','yosep','Jl. Kencana putih','J.K. Roling 2 ','www.jk-rolling2.com');
insert into `author` (`id`, `created`, `created_by`, `last_modified`, `last_modified_by`, `adress`, `name`, `url`) values('16','2020-12-01 08:02:16','asep','2020-12-01 08:02:16','asep','Jl. Kencana putih','J.K. Roling 3 ','www.jk-rolling3.com');
insert into `author` (`id`, `created`, `created_by`, `last_modified`, `last_modified_by`, `adress`, `name`, `url`) values('18','2020-12-01 08:02:34','angga','2020-12-01 08:02:34','angga','Jl. Kencana putih','J.K. Roling 4 ','www.jk-rolling4.com');
insert into `author` (`id`, `created`, `created_by`, `last_modified`, `last_modified_by`, `adress`, `name`, `url`) values('20','2020-12-01 08:02:43','yosep','2020-12-01 08:02:43','yosep','Jl. Kencana putih','J.K. Roling 5 ','www.jk-rolling5.com');
insert into `author` (`id`, `created`, `created_by`, `last_modified`, `last_modified_by`, `adress`, `name`, `url`) values('22','2020-12-01 08:02:56','asep','2020-12-01 08:02:56','asep','Jl. Kencana putih','J.K. Roling 6 ','www.jk-rolling6.com');
insert into `author` (`id`, `created`, `created_by`, `last_modified`, `last_modified_by`, `adress`, `name`, `url`) values('24','2020-12-01 08:03:03','angga','2020-12-01 08:03:03','angga','Jl. Kencana putih','J.K. Roling 7 ','www.jk-rolling7.com');
insert into `author` (`id`, `created`, `created_by`, `last_modified`, `last_modified_by`, `adress`, `name`, `url`) values('26','2020-12-01 08:03:11','Admin','2020-12-01 08:03:11','Admin','Jl. Kencana putih','J.K. Roling 8 ','www.jk-rolling8.com');
insert into `author` (`id`, `created`, `created_by`, `last_modified`, `last_modified_by`, `adress`, `name`, `url`) values('28','2020-12-01 08:03:18','yosep','2020-12-01 08:03:18','yosep','Jl. Kencana putih','J.K. Roling 9 ','www.jk-rolling9.com');
insert into `author` (`id`, `created`, `created_by`, `last_modified`, `last_modified_by`, `adress`, `name`, `url`) values('32','2020-12-01 08:03:32','malik','2020-12-01 08:03:32','malik','Jl. Kencana putih','J.K. Roling 10 ','www.jk-rolling10.com');

insert into `books` (`id`, `created`, `created_by`, `last_modified`, `last_modified_by`, `author_address`, `author_name`, `isbn`, `price`, `publisher_name`, `title`, `published_on`, `author_id`, `publisher_id`) values('13','2020-12-01 08:00:34','Admin','2020-12-01 08:00:34','Admin','Jl. Kencana putih','J.K. Roling 1 ','ISBN-BOOK01','125000','Gramedia 1','Mamaku Seorang Penyihir 1','202012','12','1');
insert into `books` (`id`, `created`, `created_by`, `last_modified`, `last_modified_by`, `author_address`, `author_name`, `isbn`, `price`, `publisher_name`, `title`, `published_on`, `author_id`, `publisher_id`) values('15','2020-12-01 08:01:50','yosep','2020-12-01 08:01:50','yosep','Jl. Kencana putih','J.K. Roling 2 ','ISBN-BOOK02','225000','Gramedia 1','Mamaku Seorang Penyihir 2','202002','14','1');
insert into `books` (`id`, `created`, `created_by`, `last_modified`, `last_modified_by`, `author_address`, `author_name`, `isbn`, `price`, `publisher_name`, `title`, `published_on`, `author_id`, `publisher_id`) values('17','2020-12-01 08:02:17','malik','2020-12-01 08:02:17','malik','Jl. Kencana putih','J.K. Roling 3 ','ISBN-BOOK03','335000','Gramedia 1','Mamaku Seorang Penyihir 3','202001','16','1');
insert into `books` (`id`, `created`, `created_by`, `last_modified`, `last_modified_by`, `author_address`, `author_name`, `isbn`, `price`, `publisher_name`, `title`, `published_on`, `author_id`, `publisher_id`) values('19','2020-12-01 08:02:34','Admin','2020-12-01 08:02:34','Admin','Jl. Kencana putih','J.K. Roling 4 ','ISBN-BOOK04','125000','Gramedia 1','Mamaku Seorang Penyihir 4','202001','18','1');
insert into `books` (`id`, `created`, `created_by`, `last_modified`, `last_modified_by`, `author_address`, `author_name`, `isbn`, `price`, `publisher_name`, `title`, `published_on`, `author_id`, `publisher_id`) values('21','2020-12-01 08:02:43','malik','2020-12-01 08:02:43','malik','Jl. Kencana putih','J.K. Roling 5 ','ISBN-BOOK05','125000','Gramedia 1','Mamaku Seorang Penyihir 5','202001','20','1');
insert into `books` (`id`, `created`, `created_by`, `last_modified`, `last_modified_by`, `author_address`, `author_name`, `isbn`, `price`, `publisher_name`, `title`, `published_on`, `author_id`, `publisher_id`) values('23','2020-12-01 08:02:56','yosep','2020-12-01 08:02:56','yosep','Jl. Kencana putih','J.K. Roling 6 ','ISBN-BOOK06','125000','Gramedia 1','Mamaku Seorang Penyihir 6','202001','22','1');
insert into `books` (`id`, `created`, `created_by`, `last_modified`, `last_modified_by`, `author_address`, `author_name`, `isbn`, `price`, `publisher_name`, `title`, `published_on`, `author_id`, `publisher_id`) values('25','2020-12-01 08:03:03','angga','2020-12-01 08:03:03','angga','Jl. Kencana putih','J.K. Roling 7 ','ISBN-BOOK07','125000','Gramedia 1','Mamaku Seorang Penyihir 7','202001','24','1');
insert into `books` (`id`, `created`, `created_by`, `last_modified`, `last_modified_by`, `author_address`, `author_name`, `isbn`, `price`, `publisher_name`, `title`, `published_on`, `author_id`, `publisher_id`) values('27','2020-12-01 08:03:11','yosep','2020-12-01 08:03:11','yosep','Jl. Kencana putih','J.K. Roling 8 ','ISBN-BOOK08','125000','Gramedia 1','Mamaku Seorang Penyihir 8','202001','26','1');
insert into `books` (`id`, `created`, `created_by`, `last_modified`, `last_modified_by`, `author_address`, `author_name`, `isbn`, `price`, `publisher_name`, `title`, `published_on`, `author_id`, `publisher_id`) values('29','2020-12-01 08:03:18','yosep','2020-12-01 08:03:18','yosep','Jl. Kencana putih','J.K. Roling 9 ','ISBN-BOOK09','125000','Gramedia 1','Mamaku Seorang Penyihir 9','202001','28','1');
insert into `books` (`id`, `created`, `created_by`, `last_modified`, `last_modified_by`, `author_address`, `author_name`, `isbn`, `price`, `publisher_name`, `title`, `published_on`, `author_id`, `publisher_id`) values('33','2020-12-01 08:03:32','yosep','2020-12-01 08:03:32','yosep','Jl. Kencana putih','J.K. Roling 10 ','ISBN-BOOK010','125000','Gramedia 1','Mamaku Seorang Penyihir 10','202001','32','1');

insert into `warehous` (`id`, `created`, `created_by`, `last_modified`, `last_modified_by`, `adress`, `phone`) values('34','2020-12-01 08:04:05','rifki','2020-12-01 08:04:05','rifki','jalan kenangan 1','+621-111-223');
insert into `warehous` (`id`, `created`, `created_by`, `last_modified`, `last_modified_by`, `adress`, `phone`) values('35','2020-12-01 08:04:22','angga','2020-12-01 08:04:22','angga','jalan kenangan 2','+622-222-223');
insert into `warehous` (`id`, `created`, `created_by`, `last_modified`, `last_modified_by`, `adress`, `phone`) values('36','2020-12-01 08:04:47','malik','2020-12-01 08:04:47','malik','jalan kenangan 3','+613-333-333');
insert into `warehous` (`id`, `created`, `created_by`, `last_modified`, `last_modified_by`, `adress`, `phone`) values('37','2020-12-01 08:05:01','Admin','2020-12-01 08:05:01','Admin','jalan kenangan 4','+614-244-444');
insert into `warehous` (`id`, `created`, `created_by`, `last_modified`, `last_modified_by`, `adress`, `phone`) values('38','2020-12-01 08:05:11','rifki','2020-12-01 08:05:11','rifki','jalan kenangan 5','+615-255-535');
insert into `warehous` (`id`, `created`, `created_by`, `last_modified`, `last_modified_by`, `adress`, `phone`) values('39','2020-12-01 08:05:23','malik','2020-12-01 08:05:23','malik','jalan kenangan 6','+616-264-636');
insert into `warehous` (`id`, `created`, `created_by`, `last_modified`, `last_modified_by`, `adress`, `phone`) values('40','2020-12-01 08:05:31','yosep','2020-12-01 08:05:31','yosep','jalan kenangan 7','+717-274-737');
insert into `warehous` (`id`, `created`, `created_by`, `last_modified`, `last_modified_by`, `adress`, `phone`) values('41','2020-12-01 08:05:45','yosep','2020-12-01 08:05:45','yosep','jalan kenangan 8','+628-284-838');
insert into `warehous` (`id`, `created`, `created_by`, `last_modified`, `last_modified_by`, `adress`, `phone`) values('42','2020-12-01 08:05:51','malik','2020-12-01 08:05:51','malik','jalan kenangan 9','+629-294-939');
insert into `warehous` (`id`, `created`, `created_by`, `last_modified`, `last_modified_by`, `adress`, `phone`) values('43','2020-12-01 08:06:14','rifki','2020-12-01 08:06:14','rifki','jalan kenangan 10','+627-244-333');

insert into `customer` (`id`, `created`, `created_by`, `last_modified`, `last_modified_by`, `address`, `email`, `name`, `phone`) values('53','2020-12-01 08:08:57','yosep','2020-12-01 08:08:57','yosep','jalan kecubung muara 1','user1@mail.com','Sugih 1','+628885754497');
insert into `customer` (`id`, `created`, `created_by`, `last_modified`, `last_modified_by`, `address`, `email`, `name`, `phone`) values('54','2020-12-01 08:09:05','malik','2020-12-01 08:09:05','malik','jalan kecubung muara 2','user2@mail.com','Sugih 2','+628885754497');
insert into `customer` (`id`, `created`, `created_by`, `last_modified`, `last_modified_by`, `address`, `email`, `name`, `phone`) values('55','2020-12-01 08:09:22','Admin','2020-12-01 08:09:22','Admin','jalan kecubung muara 3','user3@mail.com','Sugih 3','+628885754497');
insert into `customer` (`id`, `created`, `created_by`, `last_modified`, `last_modified_by`, `address`, `email`, `name`, `phone`) values('56','2020-12-01 08:09:30','Admin','2020-12-01 08:09:30','Admin','jalan kecubung muara 4','user4@mail.com','Sugih 4','+628885754497');
insert into `customer` (`id`, `created`, `created_by`, `last_modified`, `last_modified_by`, `address`, `email`, `name`, `phone`) values('57','2020-12-01 08:09:38','asep','2020-12-01 08:09:38','asep','jalan kecubung muara 5','user5@mail.com','Sugih 5','+628885755597');
insert into `customer` (`id`, `created`, `created_by`, `last_modified`, `last_modified_by`, `address`, `email`, `name`, `phone`) values('58','2020-12-01 08:09:53','angga','2020-12-01 08:09:53','angga','jalan kecubung muara 6','user6@mail.com','Sugih 6','+628886756697');
insert into `customer` (`id`, `created`, `created_by`, `last_modified`, `last_modified_by`, `address`, `email`, `name`, `phone`) values('59','2020-12-01 08:10:06','yosep','2020-12-01 08:10:06','yosep','jalan kecubung muara 7','user7@mail.com','Sugih 7','+628887757697');
insert into `customer` (`id`, `created`, `created_by`, `last_modified`, `last_modified_by`, `address`, `email`, `name`, `phone`) values('60','2020-12-01 08:10:25','angga','2020-12-01 08:10:25','angga','jalan kecubung muara 8','user8@mail.com','Sugih 8','+627887858698');
insert into `customer` (`id`, `created`, `created_by`, `last_modified`, `last_modified_by`, `address`, `email`, `name`, `phone`) values('61','2020-12-01 08:10:31','rifki','2020-12-01 08:10:31','rifki','jalan kecubung muara 9','user9@mail.com','Sugih 9','+627997959699');
insert into `customer` (`id`, `created`, `created_by`, `last_modified`, `last_modified_by`, `address`, `email`, `name`, `phone`) values('63','2020-12-01 08:10:52','angga','2020-12-01 08:10:52','angga','jalan kecubung muara 0','user0@mail.com','Sugih 0','+627007050600');


insert into `shopping_basket` (`id`, `created`, `created_by`, `last_modified`, `last_modified_by`, `user_email`, `customer_id`) values('64','2020-12-01 08:12:04','yosep','2020-12-01 08:12:04','yosep','user1@mail.com','53');
insert into `shopping_basket` (`id`, `created`, `created_by`, `last_modified`, `last_modified_by`, `user_email`, `customer_id`) values('65','2020-12-01 08:12:07','yosep','2020-12-01 08:12:07','yosep','user2@mail.com','54');
insert into `shopping_basket` (`id`, `created`, `created_by`, `last_modified`, `last_modified_by`, `user_email`, `customer_id`) values('66','2020-12-01 08:12:10','Admin','2020-12-01 08:12:10','Admin','user3@mail.com','55');
insert into `shopping_basket` (`id`, `created`, `created_by`, `last_modified`, `last_modified_by`, `user_email`, `customer_id`) values('67','2020-12-01 08:12:13','yosep','2020-12-01 08:12:13','yosep','user4@mail.com','56');
insert into `shopping_basket` (`id`, `created`, `created_by`, `last_modified`, `last_modified_by`, `user_email`, `customer_id`) values('68','2020-12-01 08:12:16','malik','2020-12-01 08:12:16','malik','user5@mail.com','57');
insert into `shopping_basket` (`id`, `created`, `created_by`, `last_modified`, `last_modified_by`, `user_email`, `customer_id`) values('69','2020-12-01 08:12:19','asep','2020-12-01 08:12:19','asep','user6@mail.com','58');
insert into `shopping_basket` (`id`, `created`, `created_by`, `last_modified`, `last_modified_by`, `user_email`, `customer_id`) values('70','2020-12-01 08:12:22','malik','2020-12-01 08:12:22','malik','user7@mail.com','59');
insert into `shopping_basket` (`id`, `created`, `created_by`, `last_modified`, `last_modified_by`, `user_email`, `customer_id`) values('71','2020-12-01 08:12:25','malik','2020-12-01 08:12:25','malik','user8@mail.com','60');
insert into `shopping_basket` (`id`, `created`, `created_by`, `last_modified`, `last_modified_by`, `user_email`, `customer_id`) values('72','2020-12-01 08:12:28','asep','2020-12-01 08:12:28','asep','user9@mail.com','61');
insert into `shopping_basket` (`id`, `created`, `created_by`, `last_modified`, `last_modified_by`, `user_email`, `customer_id`) values('73','2020-12-01 08:12:31','malik','2020-12-01 08:12:31','malik','user0@mail.com','63');
